{"mean": [8.275599582898854, 0.5300364963503651, 0.27060479666319087, 2.5630865484880077, 0.08681647549530744, 15.940563086548488, 46.418143899895725, 0.996755338894683, 3.315557872784149, 0.6593952033368093, 10.438269030239834], "scale": [1.677492862796716, 0.17575792588558714, 0.19569945999483046, 1.4545596439781934, 0.04515199333673631, 10.348117563970824, 32.381480763711494, 0.0018471985001951696, 0.15173544749032514, 0.17447806635545943, 1.0691216285233855], "var": [2.8139823047339223, 0.03089084851160354, 0.03829827864226825, 2.1157437578899687, 0.00203870250228068, 107.08353711776147, 1048.5602964506174, 3.412142299123284e-06, 0.023023646025089217, 0.0304425956391401, 1.143021056576496]}